{"cameraMode":{"drawMode":0,"name":"Shaded","section":"Shading Mode"},"sceneLighting":true,"audioPlay":false,"sceneViewState":{"showFog":true,"showMaterialUpdate":false,"showSkybox":true,"showFlares":true,"showImageEffects":true,"showParticleSystems":true},"in2DMode":false,"pivot":{"x":3.7094669342041017,"y":-4.5920915603637699,"z":13.329825401306153},"rotation":{"x":-0.31432265043258669,"y":-0.01936808042228222,"z":0.006410510279238224,"w":-0.9491042494773865},"size":16.52696418762207,"orthographic":false}